<?xml version="1.0" encoding="UTF-8"?>
<project-private xmlns="http://www.netbeans.org/ns/project-private/1">
    <editor-bookmarks xmlns="http://www.netbeans.org/ns/editor-bookmarks/2" lastBookmarkId="0"/>
    <open-files xmlns="http://www.netbeans.org/ns/projectui-open-files/2">
        <group>
            <file>file:/G:/Mi%20unidad/Universidad/2DO/POO/Practicas/POO_P1_PRACT13_ARREGLO/src/poo_p1_pract13_arreglo/Gestor.java</file>
            <file>file:/G:/Mi%20unidad/Universidad/2DO/POO/Practicas/POO_P1_PRACT13_ARREGLO/src/poo_p1_pract13_arreglo/Number.java</file>
            <file>file:/G:/Mi%20unidad/Universidad/2DO/POO/Practicas/POO_P1_PRACT13_ARREGLO/src/poo_p1_pract13_arreglo/People.java</file>
            <file>file:/G:/Mi%20unidad/Universidad/2DO/POO/Practicas/POO_P1_PRACT13_ARREGLO/src/poo_p1_pract13_arreglo/POO_P1_PRACT13_ARREGLO.java</file>
        </group>
    </open-files>
</project-private>
