<?xml version="1.0" encoding="UTF-8"?>
<project-private xmlns="http://www.netbeans.org/ns/project-private/1">
    <editor-bookmarks xmlns="http://www.netbeans.org/ns/editor-bookmarks/2" lastBookmarkId="0"/>
    <open-files xmlns="http://www.netbeans.org/ns/projectui-open-files/2">
        <group>
            <file>file:/G:/Mi%20unidad/Universidad/2DO/POO/Practicas/POO_P2_TALLER_GESTION_HORARIO/src/poo_p2_taller_gestion_horario/Persona.java</file>
            <file>file:/G:/Mi%20unidad/Universidad/2DO/POO/Practicas/POO_P2_TALLER_GESTION_HORARIO/src/poo_p2_taller_gestion_horario/Menu.java</file>
            <file>file:/G:/Mi%20unidad/Universidad/2DO/POO/Practicas/POO_P2_TALLER_GESTION_HORARIO/src/poo_p2_taller_gestion_horario/Laboratorio.java</file>
            <file>file:/G:/Mi%20unidad/Universidad/2DO/POO/Practicas/POO_P2_TALLER_GESTION_HORARIO/src/poo_p2_taller_gestion_horario/POO_P2_TALLER_GESTION_HORARIO.java</file>
            <file>file:/G:/Mi%20unidad/Universidad/2DO/POO/Practicas/POO_P2_TALLER_GESTION_HORARIO/src/poo_p2_taller_gestion_horario/Asignatura.java</file>
            <file>file:/G:/Mi%20unidad/Universidad/2DO/POO/Practicas/POO_P2_TALLER_GESTION_HORARIO/src/poo_p2_taller_gestion_horario/Horario.java</file>
        </group>
    </open-files>
</project-private>
