<?xml version="1.0" encoding="UTF-8"?>
<project-private xmlns="http://www.netbeans.org/ns/project-private/1">
    <editor-bookmarks xmlns="http://www.netbeans.org/ns/editor-bookmarks/2" lastBookmarkId="0"/>
    <open-files xmlns="http://www.netbeans.org/ns/projectui-open-files/2">
        <group>
            <file>file:/G:/Mi%20unidad/Universidad/2DO/POO/Practicas/POO_P2_PRUEBA1_PERIMETRO/src/poo_p2_prueba1_perimetro/Calculadora.java</file>
            <file>file:/G:/Mi%20unidad/Universidad/2DO/POO/Practicas/POO_P2_PRUEBA1_PERIMETRO/src/poo_p2_prueba1_perimetro/POO_P2_PRUEBA1_PERIMETRO.java</file>
            <file>file:/G:/Mi%20unidad/Universidad/2DO/POO/Practicas/POO_P2_PRUEBA1_PERIMETRO/src/poo_p2_prueba1_perimetro/Menu.java</file>
            <file>file:/G:/Mi%20unidad/Universidad/2DO/POO/Practicas/POO_P2_PRUEBA1_PERIMETRO/src/poo_p2_prueba1_perimetro/FiguraCuadrado.java</file>
            <file>file:/G:/Mi%20unidad/Universidad/2DO/POO/Practicas/POO_P2_PRUEBA1_PERIMETRO/src/poo_p2_prueba1_perimetro/FiguraPoligono.java</file>
            <file>file:/G:/Mi%20unidad/Universidad/2DO/POO/Practicas/POO_P2_PRUEBA1_PERIMETRO/src/poo_p2_prueba1_perimetro/FiguraTriangulo.java</file>
        </group>
    </open-files>
</project-private>
