<?xml version="1.0" encoding="UTF-8"?>
<project-private xmlns="http://www.netbeans.org/ns/project-private/1">
    <editor-bookmarks xmlns="http://www.netbeans.org/ns/editor-bookmarks/2" lastBookmarkId="0"/>
    <open-files xmlns="http://www.netbeans.org/ns/projectui-open-files/2">
        <group>
            <file>file:/G:/Mi%20unidad/Universidad/2DO/POO/Practicas/POO_P2_LAB2_JERARQUIA_PRODUCTOS/src/ProductStandard.java</file>
            <file>file:/G:/Mi%20unidad/Universidad/2DO/POO/Practicas/POO_P2_LAB2_JERARQUIA_PRODUCTOS/src/OrderAlone.java</file>
        </group>
    </open-files>
</project-private>
